Workbook

Sheet hrs_dollars_per_shift
A3: Row Labels | B3: Sum of hours_worked | C3: Sum of gross_earnings
A4: 45964 | B4: 7 | C4: 70.74
A5: 45967 | B5: 6.25 | C5: 64.67
A6: 45968 | B6: 5.25 | C6: 52.87
A7: 45969 | B7: 5 | C7: 43.73
A8: 45970 | B8: 5.5 | C8: 44.78
A9: 45975 | B9: 7.75 | C9: 70.59
A10: 45976 | B10: 6.75 | C10: 75.85
A11: 45977 | B11: 7 | C11: 59.22
A12: 45982 | B12: 6.75 | C12: 74.08
A13: 45983 | B13: 5.75 | C13: 50.13
A14: 45984 | B14: 6.75 | C14: 64.21
A15: 45991 | B15: 6.75 | C15: 45.14
... A121: 46222 | B121: 3.5 | C121: 62.28
A122: Grand Total | B122: 559.75 | C122: 7769.93

Sheet dollar_per_mile
A3: Average of avg_dollars_per_mile | B3: Max of avg_dollars_per_mile | C3: Min of avg_dollars_per_mile
A4: 3.4528814 | B4: 8.55 | C4: 0.6

Sheet avg_earnings_shift_type_day
A3: Shift Type by Day | B3: Average of gross_earnings
A4: Friday | B4: 70.701852
A5: Targeted Sprint | B5: 80.675
A6: Dinner | B6: 74.221
A7: Weekend Dinner | B7: 68.305
A8: Peak Pay | B8: 65.564286
A9: Sunday | B9: 66.438387
A10: Dinner | B10: 70.641429
A11: Peak Pay | B11: 69.747143
A12: Weekend Dinner | B12: 66.645333
A13: Open Schedule | B13: 38.595
A14: Saturday | B14: 63.1936
A15: Dinner | B15: 64.065
... A18: Grand Total | B18: 66.847952

Sheet Sheet1
A3: Days of Week | B3: Sum of gross_earnings
A4: 0 | B4: 2059.59
A5: 1 | B5: 386.26
A6: 2 | B6: 385.11
A7: 3 | B7: 661.75
A8: 4 | B8: 788.43
A9: 5 | B9: 1908.95
A10: 6 | B10: 1579.84
A11: Grand Total | B11: 7769.93

Sheet Money_by_day
A3: Row Labels | B3: Sum of gross_earnings
A4: Sunday | B4: 2059.59
A5: Friday | B5: 1908.95
A6: Saturday | B6: 1579.84
A7: Thursday | B7: 788.43
A8: Wednesday | B8: 661.75
A9: Monday | B9: 386.26
A10: Tuesday | B10: 385.11
A11: Grand Total | B11: 7769.93

Sheet zone_earnings_by_busy_days
A3: Row Labels | B3: Sum of gross_earnings
A4: Henderson | B4: 2228.78
A5: Sunday | B5: 811.43
A6: Friday | B6: 901.58
A7: Saturday | B7: 515.77
A8: Green Valley | B8: 1165.62
A9: Sunday | B9: 367.08
A10: Friday | B10: 312.3
A11: Saturday | B11: 486.24
A12: North Las Vegas | B12: 800.34
A13: Sunday | B13: 441.15
A14: Friday | B14: 237.58
A15: Saturday | B15: 121.61
... A24: Grand Total | B24: 5548.38

Sheet Doordash_Synthetic_Performance_
A1: shift_date | B1: shift_type | C1: start_time | D1: end_time | E1: hours_worked | F1: gross_earnings | G1: estimated_miles | H1: orders_completed | I1: avg_dollars_per_mile | J1: dash_zone | K1: bonus_active | L1: notes | M1: day_name | N1: Day of Week
A2: 45964 | B2: Dinner | C2: 0.70833333 | D2: 0 | E2: 7 | F2: 70.74 | G2: 73 | H2: 12 | I2: 0.97 | J2: Southwest | K2: No | L2: Accepted most offers; several long-distance orders. | M2: 1 | N2: =_xlfn.XLOOKUP(M:M,Sheet2!B:B,Sheet2!A:A) -> Monday
A3: 45967 | B3: Lunch | C3: 0.44791667 | D3: 0.70833333 | E3: 6.25 | F3: 64.67 | G3: 62.4 | H3: 10 | I3: 1.04 | J3: Henderson | K3: No | L3: Chased a bonus outside the best zone. | M3: 4 | N3: =_xlfn.XLOOKUP(M:M,Sheet2!B:B,Sheet2!A:A) -> Thursday
A4: 45968 | B4: Weekend Dinner | C4: 0.6875 | D4: 0.90625 | E4: 5.25 | F4: 52.87 | G4: 74.6 | H4: 9 | I4: 0.71 | J4: Henderson | K4: No | L4: Long shift with weak late-hour demand. | M4: 5 | N4: =_xlfn.XLOOKUP(M:M,Sheet2!B:B,Sheet2!A:A) -> Friday
A5: 45969 | B5: Peak Pay | C5: 0.72916667 | D5: 0.9375 | E5: 5 | F5: 43.73 | G5: 57 | H5: 7 | I5: 0.77 | J5: Summerlin | K5: Yes | L5: Chased a bonus outside the best zone. | M5: 6 | N5: =_xlfn.XLOOKUP(M:M,Sheet2!B:B,Sheet2!A:A) -> Saturday
A6: 45970 | B6: Open Schedule | C6: 0.60416667 | D6: 0.83333333 | E6: 5.5 | F6: 44.78 | G6: 74.9 | H6: 7 | I6: 0.6 | J6: Henderson | K6: No | L6: Long shift with weak late-hour demand. | M6: 0 | N6: =_xlfn.XLOOKUP(M:M,Sheet2!B:B,Sheet2!A:A) -> Sunday
A7: 45975 | B7: Dinner | C7: 0.72916667 | D7: 0.052083333 | E7: 7.75 | F7: 70.59 | G7: 112 | H7: 13 | I7: 0.63 | J7: Henderson | K7: No | L7: No firm minimum payout rule yet. | M7: 5 | N7: =_xlfn.XLOOKUP(M:M,Sheet2!B:B,Sheet2!A:A) -> Friday
A8: 45976 | B8: Peak Pay | C8: 0.66666667 | D8: 0.94791667 | E8: 6.75 | F8: 75.85 | G8: 94.7 | H8: 10 | I8: 0.8 | J8: Southwest | K8: Yes | L8: Waited too long at a slow merchant; low order turnover. | M8: 6 | N8: =_xlfn.XLOOKUP(M:M,Sheet2!B:B,Sheet2!A:A) -> Saturday
A9: 45977 | B9: Peak Pay | C9: 0.70833333 | D9: 0 | E9: 7 | F9: 59.22 | G9: 73.3 | H9: 8 | I9: 0.81 | J9: Henderson | K9: Yes | L9: Chased a bonus outside the best zone. | M9: 0 | N9: =_xlfn.XLOOKUP(M:M,Sheet2!B:B,Sheet2!A:A) -> Sunday
A10: 45982 | B10: Peak Pay | C10: 0.6875 | D10: 0.96875 | E10: 6.75 | F10: 74.08 | G10: 74.7 | H10: 12 | I10: 0.99 | J10: Southwest | K10: Yes | L10: Long shift with weak late-hour demand. | M10: 5 | N10: =_xlfn.XLOOKUP(M:M,Sheet2!B:B,Sheet2!A:A) -> Friday
A11: 45983 | B11: Dinner | C11: 0.75 | D11: 0.98958333 | E11: 5.75 | F11: 50.13 | G11: 65.7 | H11: 9 | I11: 0.76 | J11: Southwest | K11: No | L11: Accepted most offers; several long-distance orders. | M11: 6 | N11: =_xlfn.XLOOKUP(M:M,Sheet2!B:B,Sheet2!A:A) -> Saturday
A12: 45984 | B12: Dinner | C12: 0.66666667 | D12: 0.94791667 | E12: 6.75 | F12: 64.21 | G12: 87.3 | H12: 10 | I12: 0.74 | J12: North Las Vegas | K12: Yes | L12: Stacked order looked good but added excessive miles. | M12: 0 | N12: =_xlfn.XLOOKUP(M:M,Sheet2!B:B,Sheet2!A:A) -> Sunday
A13: 45991 | B13: Weekend Dinner | C13: 0.72916667 | D13: 0.010416667 | E13: 6.75 | F13: 45.14 | G13: 57.2 | H13: 9 | I13: 0.79 | J13: Green Valley | K13: No | L13: Stacked order looked good but added excessive miles. | M13: 0 | N13: =_xlfn.XLOOKUP(M:M,Sheet2!B:B,Sheet2!A:A) -> Sunday
... A119: 46222 | B119: Dinner | C119: 0.72916667 | D119: 0.875 | E119: 3.5 | F119: 62.28 | G119: 9.8 | H119: 7 | I119: 6.36 | J119: Henderson | K119: No | L119: Stopped when order quality dropped instead of extending the shift. | M119: 0 | N119: =_xlfn.XLOOKUP(M:M,Sheet2!B:B,Sheet2!A:A) -> Sunday

Sheet Sheet2
A1: Days Of Week | B1: Number of Day
A2: Sunday | B2: 0
A3: Monday | B3: 1
A4: Tuesday | B4: 2
A5: Wednesday | B5: 3
A6: Thursday | B6: 4
A7: Friday | B7: 5
A8: Saturday | B8: 6
